variable	text	fullText
SecMaleA_EVRCOHAB	ever cohabitated= yes	ever cohabitated outside of marriage
SecMaleA_ONOWN	live away before 18= yes	lived away from parents or guardian before turning 18
SecMaleA_GOSCHOL	going to school= yes	"going to, or on vacation from, regular school"
SecMaleA_PARMARR	parent married= yes	biological parents married to each other when R was born
SecMaleA_WOMRASDU	raised by= bio-mother	mostly raised by biological mother when growing up
SecMaleA_MANRASDU	raised by= bio-father	mostly raised by biological father when growing up
SecMaleB_EVEROPER	vasectomy= yes	ever had a vasectomy
SecFemC_EVRCOHAB	ever cohabitated= yes	ever cohabitated outside of marriage
SecFemA_ONOWN	live away before 18= yes	lived away from parents or guardian before turning 18
SecFemA_GOSCHOL	going to school= yes	"going to, or on vacation from, regular school"
SecFemB_PREGNOWQ	pregnant now= yes	pregnant now
SecFemA_PARMARR	parent married= yes	biological parents married to each other when R was born
SecFemA_WOMRASDU	raised by= bio-mother	mostly raised by biological mother when growing up
SecFemA_MANRASDU	raised by= bio-father	mostly raised by biological father when growing up
SecFemC_EVERSEX	ever sex= yes	ever had sexual intercourse with a man
